,total.goals,total.shots,total.keyPasses,total.shotAssists,total.recoveries,total.opponentHalfRecoveries,total.losses,total.ownHalfLosses,total.xgShot,total.xgAssist,total.receivedPass,total.touchInBox,total.progressivePasses,total.shotsOnTarget
0,0.40652381336449406,0.6372915010455082,-0.27204834518153076,-0.2325598076158516,-0.5537198665291697,-0.46535370276279286,0.033787586337682834,0.1572580869181835,0.4801860073597143,-0.2812794259678072,0.01640699564528374,0.48870648267097416,-0.3294279837322053,0.6129058183680473
1,-0.3208239557887117,-0.4424188274577434,-0.13150336151742953,-0.07363994045625404,0.6859360679720935,0.4961759267753921,-0.5991090883218261,-0.6225524299715661,-0.4069750755831922,-0.1592021427195028,-0.044778677362042614,-0.3958130421791303,0.33785161385462287,-0.4247863984261144
2,-0.44147427262989414,-0.508441887132055,-0.22224459359187346,-0.27437135825883713,-0.40842126389589145,-0.3322079463924816,0.7958812281757435,0.6252199652357162,-0.4353114245779535,-0.297816285285068,-0.4258984674828668,-0.42179827235760764,-0.4069844681587657,-0.4837493782758943
3,0.017723487525393083,-0.07120399488231482,0.01644470840994729,-0.024495650389830342,-0.15888068952318518,-0.1405212778828763,-0.2258300981196907,-0.23365459674365732,-0.08083428811349733,-0.052461602527585256,-0.08328713412126566,-0.08706677148914009,-0.08454394859927972,-0.06230338856480242
