,total.shots,total.offensiveDuels,total.offensiveDuelsWon,total.successfulPasses,total.crosses,total.keyPasses,total.dribbles,total.pressingDuels,total.shotAssists,total.xgShot,total.xgAssist,total.receivedPass,total.touchInBox,total.progressiveRun,total.shotsOnTarget
0,-0.08980615335251271,-0.5757709399340571,-0.5354426619153736,0.29775653651878337,-0.020436088413229418,0.09676626906696266,-0.5357926392398039,-0.10615720965475253,0.13049360894587617,-0.12967155076621312,0.03803386450638143,0.3029021927917362,-0.07823476066705204,-0.15514497178874515,-0.07553931441372
1,-0.510985040504692,-0.4884427643392144,-0.4783015087650988,-0.5319649666190903,-0.39113755520607046,-0.3067356357415329,-0.4500490526738834,0.12057543554123565,-0.37932056562001726,-0.39534296815232567,-0.3448782527756213,-0.540648649035521,-0.46968038236111603,-0.37261438499373517,-0.40389580351356913
2,-0.021859160542855523,0.649636358914016,0.5054652686263921,-0.2933617036755607,-0.054807331155496915,-0.379424958907436,0.4845223920086277,-0.09501321147980799,-0.36147086931040334,-0.1734944151062731,-0.3838610863923443,-0.3298954006358288,-0.13465662412590296,0.02588752425669307,-0.10628259658858147
