,total.shots,total.keyPasses,total.shotAssists,total.recoveries,total.opponentHalfRecoveries,total.losses,total.ownHalfLosses,total.xgShot,total.xgAssist,total.receivedPass,total.touchInBox,total.progressivePasses,total.shotsOnTarget
0,0.9407829557635434,0.7669761697993331,0.7273098059814125,0.6713025101622708,0.7327630313650091,0.8119392857873127,0.6728123013616123,0.8653496870962857,0.45625785766287447,0.8479898871215709,0.9200726922390984,0.6305244870747098,0.9932025429190241
1,0.6414061236612859,0.5301031930477593,0.6576701751398908,0.6796316992537449,0.7246378328189015,0.7397488380829035,0.7591998929629047,0.4822824725874125,0.3635147701561428,0.7043757519602053,0.6374782437372363,0.6819075407656577,0.6105493869775173
2,0.8027619506631036,0.8586394269241716,0.8570567685239905,1.0725686641689403,1.1890990838897206,0.9862695955837186,1.1065260541049173,0.6596114274087663,0.5286319404591387,0.8917906233689232,0.8424938571070277,1.100961231864557,0.7687798456903598
